"Geo-domain","Element","Threshold in ppm","n geochem class 1 (1)","Overall accuracy (2)","Overall similarity (3)","Correlation predictor (4)","Mean predictor difference (5)","SD predictor difference (6)","t value","Sig. (two-tailed)"
"Craton","Ag","0.5","65 830","88.02","87.00","0.83","0.02","0.19","61.00","<0.0001"
"","Au","0.17","31 610","83.44","96.31","0.60","0.14","0.27","270.05","<0.0001"
"","","0.09","43 604","82.96","90.15","0.55","0.14","0.29","270.68","<0.0001"
"","U","0.881","28 156","85.7","94.40","0.81","0.04","0.21","97.94","<0.0001"
"","Cu","1150","41 742","87.54","95.63","0.81","0.02","0.19","61.42","<0.0001"
"Non-craton","Ag","0.5","2264","89.67","70.81","0.02","−0.09","0.43","−105.56","<0.0001"
"","Au","0.09","1634","94.82","77.35","0.07","0.02","0.50","23.87","<0.001"
"","U","0.881","4212","96.22","97.12","0.19","0.25","0.32","474.03","<0.0001"
"","Cu","1150","1944","93.79","90.63","0.13","−0.05","0.38","−58.69","<0.0001"
